{"trial_id":{"28":"00","29":"01","17":"02","16":"03","5":"04","27":"05","3":"06","6":"07","21":"08","20":"09","13":"10","26":"11","14":"12","24":"13","9":"14","1":"15","2":"16","8":"17","4":"18","12":"19","15":"20","18":"21","10":"22","7":"23","0":"24","25":"25","19":"26","22":"27","23":"28","11":"29"},"learning_rate":{"28":0.0339582426,"29":0.0204181593,"17":0.0090111688,"16":0.004020236,"5":0.0309523861,"27":0.003585367,"3":0.0420753457,"6":0.0006005526,"21":0.0933309587,"20":0.0015047244,"13":0.0123909379,"26":0.0870705929,"14":0.0348559408,"24":0.0439091761,"9":0.0278786149,"1":0.0021423896,"2":0.0017127281,"8":0.0042414716,"4":0.0001491867,"12":0.0006764186,"15":0.0029312443,"18":0.00142601,"10":0.019228281,"7":0.0001636427,"0":0.0342015593,"25":0.0002489286,"19":0.0007510427,"22":0.0009608242,"23":0.0274259056,"11":0.0001030757},"phi_units":{"28":8,"29":2,"17":6,"16":4,"5":2,"27":8,"3":8,"6":8,"21":4,"20":6,"13":6,"26":8,"14":8,"24":8,"9":4,"1":6,"2":2,"8":2,"4":2,"12":8,"15":6,"18":8,"10":4,"7":2,"0":4,"25":8,"19":6,"22":6,"23":8,"11":2},"dice":{"28":null,"29":null,"17":0.7529240251,"16":0.7168169618,"5":0.7625055909,"27":0.6969743967,"3":0.7389009595,"6":0.7003991008,"21":0.7065654993,"20":0.718527317,"13":0.7564537525,"26":0.7049096823,"14":0.7685106993,"24":0.7580851316,"9":0.6967126727,"1":0.7506164908,"2":0.7110235095,"8":0.710919559,"4":0.7005346417,"12":0.7166443467,"15":0.71831882,"18":0.7629400492,"10":0.7074722052,"7":0.7623150349,"0":0.7270454764,"25":0.760760963,"19":0.758493185,"22":0.7114306688,"23":0.7282855511,"11":0.7134176493}}